first_name,last_name,create_date,amount
MARY,SMITH,"2/14/2006 22:04",2.99
PATRICIA,JOHNSON,"2/14/2006 22:04",0.99
PATRICIA,JOHNSON,"2/14/2006 22:04",5.99
MARY,SMITH,"2/14/2006 22:04",0.99
MARY,SMITH,"2/14/2006 22:04",9.99
ELIZABETH,BROWN,"2/14/2006 22:04",4.99
MARY,SMITH,"2/14/2006 22:04",4.99
MARY,SMITH,"2/14/2006 22:04",0.99
MARY,SMITH,"2/14/2006 22:04",3.99
JENNIFER,DAVIS,"2/14/2006 22:04",5.99
MARY,SMITH,"2/14/2006 22:04",5.99
MARY,SMITH,"2/14/2006 22:04",4.99
MARY,SMITH,"2/14/2006 22:04",4.99
MARY,SMITH,"2/14/2006 22:04",7.99
JENNIFER,DAVIS,"2/14/2006 22:04",2.99
MARY,SMITH,"2/14/2006 22:04",4.99
MARY,SMITH,"2/14/2006 22:04",4.99
JENNIFER,DAVIS,"2/14/2006 22:04",0.99
MARY,SMITH,"2/14/2006 22:04",0.99
JENNIFER,DAVIS,"2/14/2006 22:04",2.99
MARY,SMITH,"2/14/2006 22:04",2.99
JENNIFER,DAVIS,"2/14/2006 22:04",4.99
MARY,SMITH,"2/14/2006 22:04",3.99
MARY,SMITH,"2/14/2006 22:04",0.99
JENNIFER,DAVIS,"2/14/2006 22:04",4.99
MARY,SMITH,"2/14/2006 22:04",0.99
MARY,SMITH,"2/14/2006 22:04",0.99
MARY,SMITH,"2/14/2006 22:04",2.99
MARY,SMITH,"2/14/2006 22:04",0.99
MARY,SMITH,"2/14/2006 22:04",1.99
JOHN,FARNSWORTH,"2/14/2006 22:04",2.99
MARY,SMITH,"2/14/2006 22:04",5.99
PATRICIA,JOHNSON,"2/14/2006 22:04",4.99
JULIE,SANCHEZ,"2/14/2006 22:04",2.99
PATRICIA,JOHNSON,"2/14/2006 22:04",2.99
PATRICIA,JOHNSON,"2/14/2006 22:04",6.99
PATRICIA,JOHNSON,"2/14/2006 22:04",4.99
SARAH,LEWIS,"2/14/2006 22:04",5.99
SARAH,LEWIS,"2/14/2006 22:04",5.99
PATRICIA,JOHNSON,"2/14/2006 22:04",5.99
MICHELLE,CLARK,"2/14/2006 22:04",2.99
PATRICIA,JOHNSON,"2/14/2006 22:04",5.99
PATRICIA,JOHNSON,"2/14/2006 22:04",4.99
PATRICIA,JOHNSON,"2/14/2006 22:04",10.99
PATRICIA,JOHNSON,"2/14/2006 22:04",0.99
DEBORAH,WALKER,"2/14/2006 22:04",6.99
PATRICIA,JOHNSON,"2/14/2006 22:04",6.99
PATRICIA,JOHNSON,"2/14/2006 22:04",2.99
PATRICIA,JOHNSON,"2/14/2006 22:04",0.99
PATRICIA,JOHNSON,"2/14/2006 22:04",0.99
MARILYN,ROSS,"2/14/2006 22:04",5.99
PATRICIA,JOHNSON,"2/14/2006 22:04",6.99
PATRICIA,JOHNSON,"2/14/2006 22:04",2.99
PATRICIA,JOHNSON,"2/14/2006 22:04",2.99
PATRICIA,JOHNSON,"2/14/2006 22:04",2.99
PATRICIA,JOHNSON,"2/14/2006 22:04",4.99
PATRICIA,JOHNSON,"2/14/2006 22:04",5.99
PATRICIA,JOHNSON,"2/14/2006 22:04",4.99
PATRICIA,JOHNSON,"2/14/2006 22:04",4.99
LINDA,WILLIAMS,"2/14/2006 22:04",1.99
LINDA,WILLIAMS,"2/14/2006 22:04",2.99
JOSE,ANDREW,"2/14/2006 22:04",8.99
ARMANDO,GRUBER,"2/14/2006 22:04",6.99
ARMANDO,GRUBER,"2/14/2006 22:04",6.99
ARMANDO,GRUBER,"2/14/2006 22:04",2.99
ARMANDO,GRUBER,"2/14/2006 22:04",4.99
LINDA,WILLIAMS,"2/14/2006 22:04",4.99
LINDA,WILLIAMS,"2/14/2006 22:04",5.99
LINDA,WILLIAMS,"2/14/2006 22:04",10.99
LINDA,WILLIAMS,"2/14/2006 22:04",7.99
LINDA,WILLIAMS,"2/14/2006 22:04",6.99
LINDA,WILLIAMS,"2/14/2006 22:04",4.99
LINDA,WILLIAMS,"2/14/2006 22:04",4.99
LINDA,WILLIAMS,"2/14/2006 22:04",2.99
LINDA,WILLIAMS,"2/14/2006 22:04",1.99
LINDA,WILLIAMS,"2/14/2006 22:04",3.99
LINDA,WILLIAMS,"2/14/2006 22:04",2.99
LINDA,WILLIAMS,"2/14/2006 22:04",4.99
LINDA,WILLIAMS,"2/14/2006 22:04",5.99
LINDA,WILLIAMS,"2/14/2006 22:04",4.99
LINDA,WILLIAMS,"2/14/2006 22:04",8.99
LINDA,WILLIAMS,"2/14/2006 22:04",2.99
LINDA,WILLIAMS,"2/14/2006 22:04",8.99
LINDA,WILLIAMS,"2/14/2006 22:04",0.99
LINDA,WILLIAMS,"2/14/2006 22:04",2.99
BARBARA,JONES,"2/14/2006 22:04",4.99
BARBARA,JONES,"2/14/2006 22:04",0.99
BARBARA,JONES,"2/14/2006 22:04",2.99
BARBARA,JONES,"2/14/2006 22:04",0.99
BARBARA,JONES,"2/14/2006 22:04",0.99
BARBARA,JONES,"2/14/2006 22:04",5.99
BARBARA,JONES,"2/14/2006 22:04",2.99
BARBARA,JONES,"2/14/2006 22:04",2.99
BARBARA,JONES,"2/14/2006 22:04",3.99
BARBARA,JONES,"2/14/2006 22:04",5.99
BARBARA,JONES,"2/14/2006 22:04",5.99
BARBARA,JONES,"2/14/2006 22:04",0.99
BARBARA,JONES,"2/14/2006 22:04",2.99
BARBARA,JONES,"2/14/2006 22:04",4.99
BARBARA,JONES,"2/14/2006 22:04",2.99
BARBARA,JONES,"2/14/2006 22:04",8.99
BARBARA,JONES,"2/14/2006 22:04",1.99
BARBARA,JONES,"2/14/2006 22:04",2.99
BARBARA,JONES,"2/14/2006 22:04",6.99
BARBARA,JONES,"2/14/2006 22:04",4.99
BARBARA,JONES,"2/14/2006 22:04",2.99
BARBARA,JONES,"2/14/2006 22:04",1.99
ELIZABETH,BROWN,"2/14/2006 22:04",0.99
ELIZABETH,BROWN,"2/14/2006 22:04",6.99
ELIZABETH,BROWN,"2/14/2006 22:04",1.99
ELIZABETH,BROWN,"2/14/2006 22:04",3.99
ELIZABETH,BROWN,"2/14/2006 22:04",2.99
ELIZABETH,BROWN,"2/14/2006 22:04",4.99
ELIZABETH,BROWN,"2/14/2006 22:04",2.99
ELIZABETH,BROWN,"2/14/2006 22:04",4.99
ELIZABETH,BROWN,"2/14/2006 22:04",4.99
ELIZABETH,BROWN,"2/14/2006 22:04",2.99
ELIZABETH,BROWN,"2/14/2006 22:04",4.99
ELIZABETH,BROWN,"2/14/2006 22:04",5.99
ELIZABETH,BROWN,"2/14/2006 22:04",1.99
ELIZABETH,BROWN,"2/14/2006 22:04",0.99
ELIZABETH,BROWN,"2/14/2006 22:04",8.99
ELIZABETH,BROWN,"2/14/2006 22:04",3.99
ELIZABETH,BROWN,"2/14/2006 22:04",4.99
ELIZABETH,BROWN,"2/14/2006 22:04",0.99
RONNIE,RICKETTS,"2/14/2006 22:04",0.99
CATHERINE,CAMPBELL,"2/14/2006 22:04",3.99
SHARON,ROBINSON,"2/14/2006 22:04",2.99
LUCILLE,HOLMES,"2/14/2006 22:04",1.99
JAMIE,RICE,"2/14/2006 22:04",4.99
JOANNE,ROBERTSON,"2/14/2006 22:04",3.99
ELEANOR,HUNT,"2/14/2006 22:04",4.99
VALERIE,BLACK,"2/14/2006 22:04",0.99
DANIELLE,DANIELS,"2/14/2006 22:04",4.99
MEGAN,PALMER,"2/14/2006 22:04",4.99
ALICIA,MILLS,"2/14/2006 22:04",3.99
SUZANNE,NICHOLS,"2/14/2006 22:04",9.99
MICHELE,GRANT,"2/14/2006 22:04",2.99
GAIL,KNIGHT,"2/14/2006 22:04",1.99
BERTHA,FERGUSON,"2/14/2006 22:04",0.99
DARLENE,ROSE,"2/14/2006 22:04",6.99
VERONICA,STONE,"2/14/2006 22:04",6.99
JILL,HAWKINS,"2/14/2006 22:04",2.99
ERIN,DUNN,"2/14/2006 22:04",0.99
GERALDINE,PERKINS,"2/14/2006 22:04",0.99
LAUREN,HUDSON,"2/14/2006 22:04",4.99
CATHY,SPENCER,"2/14/2006 22:04",2.99
JOANN,GARDNER,"2/14/2006 22:04",0.99
LORRAINE,STEPHENS,"2/14/2006 22:04",3.99
LYNN,PAYNE,"2/14/2006 22:04",2.99
SALLY,PIERCE,"2/14/2006 22:04",0.99
REGINA,BERRY,"2/14/2006 22:04",0.99
ERICA,MATTHEWS,"2/14/2006 22:04",0.99
BEATRICE,ARNOLD,"2/14/2006 22:04",2.99
DOLORES,WAGNER,"2/14/2006 22:04",0.99
BERNICE,WILLIS,"2/14/2006 22:04",5.99
AUDREY,RAY,"2/14/2006 22:04",7.99
YVONNE,WATKINS,"2/14/2006 22:04",0.99
ANNETTE,OLSON,"2/14/2006 22:04",2.99
JUNE,CARROLL,"2/14/2006 22:04",2.99
SAMANTHA,DUNCAN,"2/14/2006 22:04",0.99
MARION,SNYDER,"2/14/2006 22:04",2.99
DANA,HART,"2/14/2006 22:04",2.99
STACY,CUNNINGHAM,"2/14/2006 22:04",3.99
ANA,BRADLEY,"2/14/2006 22:04",6.99
RENEE,LANE,"2/14/2006 22:04",0.99
IDA,ANDREWS,"2/14/2006 22:04",0.99
VIVIAN,RUIZ,"2/14/2006 22:04",2.99
ROBERTA,HARPER,"2/14/2006 22:04",6.99
HOLLY,FOX,"2/14/2006 22:04",7.99
BRITTANY,RILEY,"2/14/2006 22:04",4.99
MELANIE,ARMSTRONG,"2/14/2006 22:04",5.99
LORETTA,CARPENTER,"2/14/2006 22:04",0.99
YOLANDA,WEAVER,"2/14/2006 22:04",5.99
JEANETTE,GREENE,"2/14/2006 22:04",0.99
LAURIE,LAWRENCE,"2/14/2006 22:04",2.99
KATIE,ELLIOTT,"2/14/2006 22:04",4.99
KRISTEN,CHAVEZ,"2/14/2006 22:04",5.99
VANESSA,SIMS,"2/14/2006 22:04",0.99
ALMA,AUSTIN,"2/14/2006 22:04",2.99
SUE,PETERS,"2/14/2006 22:04",0.99
ELSIE,KELLEY,"2/14/2006 22:04",4.99
BETH,FRANKLIN,"2/14/2006 22:04",0.99
JEANNE,LAWSON,"2/14/2006 22:04",5.99
VICKI,FIELDS,"2/14/2006 22:04",2.99
CARLA,GUTIERREZ,"2/14/2006 22:04",5.99
TARA,RYAN,"2/14/2006 22:04",4.99
ROSEMARY,SCHMIDT,"2/14/2006 22:04",8.99
EILEEN,CARR,"2/14/2006 22:04",7.99
TERRI,VASQUEZ,"2/14/2006 22:04",1.99
GERTRUDE,CASTILLO,"2/14/2006 22:04",2.99
LUCY,WHEELER,"2/14/2006 22:04",3.99
TONYA,CHAPMAN,"2/14/2006 22:04",5.99
ELLA,OLIVER,"2/14/2006 22:04",7.99
STACEY,MONTGOMERY,"2/14/2006 22:04",6.99
WILMA,RICHARDS,"2/14/2006 22:04",5.99
GINA,WILLIAMSON,"2/14/2006 22:04",4.99
KRISTIN,JOHNSTON,"2/14/2006 22:04",4.99
JESSIE,BANKS,"2/14/2006 22:04",3.99
NATALIE,MEYER,"2/14/2006 22:04",7.99
AGNES,BISHOP,"2/14/2006 22:04",8.99
VERA,MCCOY,"2/14/2006 22:04",2.99
WILLIE,HOWELL,"2/14/2006 22:04",2.99
CHARLENE,ALVAREZ,"2/14/2006 22:04",2.99
BESSIE,MORRISON,"2/14/2006 22:04",0.99
DELORES,HANSEN,"2/14/2006 22:04",5.99
MELINDA,FERNANDEZ,"2/14/2006 22:04",6.99
PEARL,GARZA,"2/14/2006 22:04",2.99
ARLENE,HARVEY,"2/14/2006 22:04",5.99
MAUREEN,LITTLE,"2/14/2006 22:04",4.99
COLLEEN,BURTON,"2/14/2006 22:04",5.99
ALLISON,STANLEY,"2/14/2006 22:04",0.99
TAMARA,NGUYEN,"2/14/2006 22:04",2.99
JOY,GEORGE,"2/14/2006 22:04",3.99
GEORGIA,JACOBS,"2/14/2006 22:04",3.99
CONSTANCE,REID,"2/14/2006 22:04",2.99
LILLIE,KIM,"2/14/2006 22:04",2.99
CLAUDIA,FULLER,"2/14/2006 22:04",4.99
JACKIE,LYNCH,"2/14/2006 22:04",0.99
MARCIA,DEAN,"2/14/2006 22:04",1.99
TANYA,GILBERT,"2/14/2006 22:04",2.99
NELLIE,GARRETT,"2/14/2006 22:04",0.99
MINNIE,ROMERO,"2/14/2006 22:04",2.99
MARLENE,WELCH,"2/14/2006 22:04",9.99
HEIDI,LARSON,"2/14/2006 22:04",2.99
GLENDA,FRAZIER,"2/14/2006 22:04",2.99
LYDIA,BURKE,"2/14/2006 22:04",0.99
VIOLA,HANSON,"2/14/2006 22:04",7.99
COURTNEY,DAY,"2/14/2006 22:04",2.99
MARIAN,MENDOZA,"2/14/2006 22:04",4.99
STELLA,MORENO,"2/14/2006 22:04",4.99
CAROLINE,BOWMAN,"2/14/2006 22:04",0.99
DORA,MEDINA,"2/14/2006 22:04",4.99
JO,FOWLER,"2/14/2006 22:04",7.99
VICKIE,BREWER,"2/14/2006 22:04",4.99
MATTIE,HOFFMAN,"2/14/2006 22:04",2.99
TERRY,CARLSON,"2/14/2006 22:04",0.99
MAXINE,SILVA,"2/14/2006 22:04",1.99
IRMA,PEARSON,"2/14/2006 22:04",2.99
MABEL,HOLLAND,"2/14/2006 22:04",4.99
MARSHA,DOUGLAS,"2/14/2006 22:04",5.99
MYRTLE,FLEMING,"2/14/2006 22:04",0.99
LENA,JENSEN,"2/14/2006 22:04",2.99
CHRISTY,VARGAS,"2/14/2006 22:04",4.99
DEANNA,BYRD,"2/14/2006 22:04",0.99
PATSY,DAVIDSON,"2/14/2006 22:04",4.99
HILDA,HOPKINS,"2/14/2006 22:04",5.99
GWENDOLYN,MAY,"2/14/2006 22:04",0.99
JENNIE,TERRY,"2/14/2006 22:04",2.99
NORA,HERRERA,"2/14/2006 22:04",2.99
MARGIE,WADE,"2/14/2006 22:04",4.99
NINA,SOTO,"2/14/2006 22:04",7.99
CASSANDRA,WALTERS,"2/14/2006 22:04",4.99
LEAH,CURTIS,"2/14/2006 22:04",4.99
PENNY,NEAL,"2/14/2006 22:04",4.99
KAY,CALDWELL,"2/14/2006 22:04",4.99
PRISCILLA,LOWE,"2/14/2006 22:04",3.99
NAOMI,JENNINGS,"2/14/2006 22:04",0.99
CAROLE,BARNETT,"2/14/2006 22:04",0.99
BRANDY,GRAVES,"2/14/2006 22:04",3.99
OLGA,JIMENEZ,"2/14/2006 22:04",4.99
BILLIE,HORTON,"2/14/2006 22:04",1.99
DIANNE,SHELTON,"2/14/2006 22:04",7.99
TRACEY,BARRETT,"2/14/2006 22:04",2.99
LEONA,OBRIEN,"2/14/2006 22:04",0.99
DOROTHY,TAYLOR,"2/14/2006 22:04",2.99
DOROTHY,TAYLOR,"2/14/2006 22:04",2.99
DOROTHY,TAYLOR,"2/14/2006 22:04",6.99
DOROTHY,TAYLOR,"2/14/2006 22:04",4.99
DOROTHY,TAYLOR,"2/14/2006 22:04",4.99
DOROTHY,TAYLOR,"2/14/2006 22:04",8.99
DOROTHY,TAYLOR,"2/14/2006 22:04",2.99
DOROTHY,TAYLOR,"2/14/2006 22:04",0.99
DOROTHY,TAYLOR,"2/14/2006 22:04",2.99
DOROTHY,TAYLOR,"2/14/2006 22:04",2.99
DOROTHY,TAYLOR,"2/14/2006 22:04",4.99
DOROTHY,TAYLOR,"2/14/2006 22:04",2.99
DOROTHY,TAYLOR,"2/14/2006 22:04",5.99
LISA,ANDERSON,"2/14/2006 22:04",6.99
LISA,ANDERSON,"2/14/2006 22:04",6.99
LISA,ANDERSON,"2/14/2006 22:04",7.99
LISA,ANDERSON,"2/14/2006 22:04",0.99
LISA,ANDERSON,"2/14/2006 22:04",2.99
LISA,ANDERSON,"2/14/2006 22:04",4.99
LISA,ANDERSON,"2/14/2006 22:04",5.99
LISA,ANDERSON,"2/14/2006 22:04",6.99
LISA,ANDERSON,"2/14/2006 22:04",4.99
LISA,ANDERSON,"2/14/2006 22:04",4.99
LISA,ANDERSON,"2/14/2006 22:04",2.99
LISA,ANDERSON,"2/14/2006 22:04",1.99
LISA,ANDERSON,"2/14/2006 22:04",0.99
LISA,ANDERSON,"2/14/2006 22:04",9.99
LISA,ANDERSON,"2/14/2006 22:04",6.99
LISA,ANDERSON,"2/14/2006 22:04",4.99
LISA,ANDERSON,"2/14/2006 22:04",6.99
LISA,ANDERSON,"2/14/2006 22:04",0.99
LISA,ANDERSON,"2/14/2006 22:04",5.99
LISA,ANDERSON,"2/14/2006 22:04",0.99
LISA,ANDERSON,"2/14/2006 22:04",4.99
LISA,ANDERSON,"2/14/2006 22:04",0.99
LISA,ANDERSON,"2/14/2006 22:04",2.99
LISA,ANDERSON,"2/14/2006 22:04",0.99
NANCY,THOMAS,"2/14/2006 22:04",4.99
NANCY,THOMAS,"2/14/2006 22:04",4.99
NANCY,THOMAS,"2/14/2006 22:04",5.99
NANCY,THOMAS,"2/14/2006 22:04",5.99
NANCY,THOMAS,"2/14/2006 22:04",5.99
NANCY,THOMAS,"2/14/2006 22:04",4.99
NANCY,THOMAS,"2/14/2006 22:04",2.99
NANCY,THOMAS,"2/14/2006 22:04",0.99
NANCY,THOMAS,"2/14/2006 22:04",3.99
NANCY,THOMAS,"2/14/2006 22:04",0.99
NANCY,THOMAS,"2/14/2006 22:04",0.99
NANCY,THOMAS,"2/14/2006 22:04",0.99
NANCY,THOMAS,"2/14/2006 22:04",3.99
NANCY,THOMAS,"2/14/2006 22:04",2.99
NANCY,THOMAS,"2/14/2006 22:04",0.99
NANCY,THOMAS,"2/14/2006 22:04",0.99
NANCY,THOMAS,"2/14/2006 22:04",0.99
NANCY,THOMAS,"2/14/2006 22:04",4.99
NANCY,THOMAS,"2/14/2006 22:04",5.99
NANCY,THOMAS,"2/14/2006 22:04",5.99
NANCY,THOMAS,"2/14/2006 22:04",5.99
NANCY,THOMAS,"2/14/2006 22:04",10.99
NANCY,THOMAS,"2/14/2006 22:04",0.99
NANCY,THOMAS,"2/14/2006 22:04",4.99
NANCY,THOMAS,"2/14/2006 22:04",0.99
NANCY,THOMAS,"2/14/2006 22:04",2.99
NANCY,THOMAS,"2/14/2006 22:04",4.99
ARLENE,HARVEY,"2/14/2006 22:04",0.99
MAUREEN,LITTLE,"2/14/2006 22:04",2.99
COLLEEN,BURTON,"2/14/2006 22:04",4.99
ALLISON,STANLEY,"2/14/2006 22:04",2.99
TAMARA,NGUYEN,"2/14/2006 22:04",8.99
JOY,GEORGE,"2/14/2006 22:04",2.99
GEORGIA,JACOBS,"2/14/2006 22:04",8.99
CONSTANCE,REID,"2/14/2006 22:04",2.99
LILLIE,KIM,"2/14/2006 22:04",0.99
CLAUDIA,FULLER,"2/14/2006 22:04",2.99
JACKIE,LYNCH,"2/14/2006 22:04",2.99
MARCIA,DEAN,"2/14/2006 22:04",2.99
TANYA,GILBERT,"2/14/2006 22:04",11.99
NELLIE,GARRETT,"2/14/2006 22:04",9.99
MINNIE,ROMERO,"2/14/2006 22:04",0.99
MARLENE,WELCH,"2/14/2006 22:04",0.99
HEIDI,LARSON,"2/14/2006 22:04",7.99
GLENDA,FRAZIER,"2/14/2006 22:04",4.99
LYDIA,BURKE,"2/14/2006 22:04",4.99
VIOLA,HANSON,"2/14/2006 22:04",0.99
COURTNEY,DAY,"2/14/2006 22:04",5.99
KAREN,JACKSON,"2/14/2006 22:04",7.99
KAREN,JACKSON,"2/14/2006 22:04",4.99
KAREN,JACKSON,"2/14/2006 22:04",0.99
KAREN,JACKSON,"2/14/2006 22:04",0.99
KAREN,JACKSON,"2/14/2006 22:04",9.99
KAREN,JACKSON,"2/14/2006 22:04",7.99
KAREN,JACKSON,"2/14/2006 22:04",4.99
BETTY,WHITE,"2/14/2006 22:04",0.99
BETTY,WHITE,"2/14/2006 22:04",9.99
BETTY,WHITE,"2/14/2006 22:04",5.99
BETTY,WHITE,"2/14/2006 22:04",2.99
BETTY,WHITE,"2/14/2006 22:04",0.99
BETTY,WHITE,"2/14/2006 22:04",4.99
BETTY,WHITE,"2/14/2006 22:04",2.99
BETTY,WHITE,"2/14/2006 22:04",0.99
BETTY,WHITE,"2/14/2006 22:04",0.99
BETTY,WHITE,"2/14/2006 22:04",7.99
BETTY,WHITE,"2/14/2006 22:04",4.99
BETTY,WHITE,"2/14/2006 22:04",7.99
BETTY,WHITE,"2/14/2006 22:04",6.99
BETTY,WHITE,"2/14/2006 22:04",0.99
BETTY,WHITE,"2/14/2006 22:04",3.99
BETTY,WHITE,"2/14/2006 22:04",4.99
BETTY,WHITE,"2/14/2006 22:04",4.99
BETTY,WHITE,"2/14/2006 22:04",2.99
BETTY,WHITE,"2/14/2006 22:04",2.99
BETTY,WHITE,"2/14/2006 22:04",6.99
BETTY,WHITE,"2/14/2006 22:04",4.99
BETTY,WHITE,"2/14/2006 22:04",3.99
BETTY,WHITE,"2/14/2006 22:04",2.99
BETTY,WHITE,"2/14/2006 22:04",4.99
BETTY,WHITE,"2/14/2006 22:04",6.99
BETTY,WHITE,"2/14/2006 22:04",0.99
BETTY,WHITE,"2/14/2006 22:04",0.99
BETTY,WHITE,"2/14/2006 22:04",4.99
HELEN,HARRIS,"2/14/2006 22:04",2.99
HELEN,HARRIS,"2/14/2006 22:04",5.99
HELEN,HARRIS,"2/14/2006 22:04",0.99
HELEN,HARRIS,"2/14/2006 22:04",7.99
HELEN,HARRIS,"2/14/2006 22:04",5.99
HELEN,HARRIS,"2/14/2006 22:04",2.99
HELEN,HARRIS,"2/14/2006 22:04",2.99
HELEN,HARRIS,"2/14/2006 22:04",4.99
HELEN,HARRIS,"2/14/2006 22:04",0.99
HELEN,HARRIS,"2/14/2006 22:04",6.99
ARLENE,HARVEY,"2/14/2006 22:04",4.99
MAUREEN,LITTLE,"2/14/2006 22:04",2.99
COLLEEN,BURTON,"2/14/2006 22:04",2.99
ALLISON,STANLEY,"2/14/2006 22:04",2.99
TAMARA,NGUYEN,"2/14/2006 22:04",2.99
JOY,GEORGE,"2/14/2006 22:04",2.99
GEORGIA,JACOBS,"2/14/2006 22:04",7.99
CONSTANCE,REID,"2/14/2006 22:04",2.99
LILLIE,KIM,"2/14/2006 22:04",2.99
CLAUDIA,FULLER,"2/14/2006 22:04",2.99
JACKIE,LYNCH,"2/14/2006 22:04",8.99
MARCIA,DEAN,"2/14/2006 22:04",5.99
TANYA,GILBERT,"2/14/2006 22:04",5.99
NELLIE,GARRETT,"2/14/2006 22:04",4.99
MINNIE,ROMERO,"2/14/2006 22:04",3.99
MARLENE,WELCH,"2/14/2006 22:04",0.99
HEIDI,LARSON,"2/14/2006 22:04",4.99
GLENDA,FRAZIER,"2/14/2006 22:04",8.99
LYDIA,BURKE,"2/14/2006 22:04",0.99
VIOLA,HANSON,"2/14/2006 22:04",4.99
COURTNEY,DAY,"2/14/2006 22:04",3.98
HELEN,HARRIS,"2/14/2006 22:04",0
SANDRA,MARTIN,"2/14/2006 22:04",3.99
SANDRA,MARTIN,"2/14/2006 22:04",2.99
SANDRA,MARTIN,"2/14/2006 22:04",0.99
SANDRA,MARTIN,"2/14/2006 22:04",2.99
SANDRA,MARTIN,"2/14/2006 22:04",6.99
SANDRA,MARTIN,"2/14/2006 22:04",7.99
SANDRA,MARTIN,"2/14/2006 22:04",1.99
SANDRA,MARTIN,"2/14/2006 22:04",7.99
SANDRA,MARTIN,"2/14/2006 22:04",0.99
SANDRA,MARTIN,"2/14/2006 22:04",0.99
SANDRA,MARTIN,"2/14/2006 22:04",2.99
SANDRA,MARTIN,"2/14/2006 22:04",3.99
SANDRA,MARTIN,"2/14/2006 22:04",4.99
SANDRA,MARTIN,"2/14/2006 22:04",4.99
SANDRA,MARTIN,"2/14/2006 22:04",0.99
SANDRA,MARTIN,"2/14/2006 22:04",2.99
SANDRA,MARTIN,"2/14/2006 22:04",5.99
SANDRA,MARTIN,"2/14/2006 22:04",0.99
SANDRA,MARTIN,"2/14/2006 22:04",5.99
SANDRA,MARTIN,"2/14/2006 22:04",2.99
SANDRA,MARTIN,"2/14/2006 22:04",2.99
SANDRA,MARTIN,"2/14/2006 22:04",0.99
SANDRA,MARTIN,"2/14/2006 22:04",2.99
SANDRA,MARTIN,"2/14/2006 22:04",4.99
LEROY,BUSTAMANTE,"2/14/2006 22:04",7.99
FRANCISCO,SKIDMORE,"2/14/2006 22:04",4.99
MARCUS,HIDALGO,"2/14/2006 22:04",4.99
MICHEAL,FORMAN,"2/14/2006 22:04",6.99
THEODORE,CULP,"2/14/2006 22:04",8.99
CLIFFORD,BOWENS,"2/14/2006 22:04",2.99
MIGUEL,BETANCOURT,"2/14/2006 22:04",2.99
OSCAR,AQUINO,"2/14/2006 22:04",4.99
JAY,ROBB,"2/14/2006 22:04",5.99
JIM,REA,"2/14/2006 22:04",8.99
TOM,MILNER,"2/14/2006 22:04",5.99
CALVIN,MARTEL,"2/14/2006 22:04",3.99
ALEX,GRESHAM,"2/14/2006 22:04",3.99
JON,WILES,"2/14/2006 22:04",1.99
RONNIE,RICKETTS,"2/14/2006 22:04",8.99
BILL,GAVIN,"2/14/2006 22:04",2.99
LLOYD,DOWD,"2/14/2006 22:04",8.99
TOMMY,COLLAZO,"2/14/2006 22:04",2.99
LEON,BOSTIC,"2/14/2006 22:04",8.99
DEREK,BLAKELY,"2/14/2006 22:04",0.99
WARREN,SHERROD,"2/14/2006 22:04",4.99
DARRELL,POWER,"2/14/2006 22:04",2.99
DONNA,THOMPSON,"2/14/2006 22:04",2.99
DONNA,THOMPSON,"2/14/2006 22:04",2.99
DONNA,THOMPSON,"2/14/2006 22:04",2.99
DONNA,THOMPSON,"2/14/2006 22:04",5.99
CAROL,GARCIA,"2/14/2006 22:04",2.99
CAROL,GARCIA,"2/14/2006 22:04",4.99
CAROL,GARCIA,"2/14/2006 22:04",4.99
CAROL,GARCIA,"2/14/2006 22:04",5.99
CAROL,GARCIA,"2/14/2006 22:04",4.99
CAROL,GARCIA,"2/14/2006 22:04",5.99
CAROL,GARCIA,"2/14/2006 22:04",8.99
CAROL,GARCIA,"2/14/2006 22:04",3.99
CAROL,GARCIA,"2/14/2006 22:04",3.99
CAROL,GARCIA,"2/14/2006 22:04",3.99
CAROL,GARCIA,"2/14/2006 22:04",2.99
CAROL,GARCIA,"2/14/2006 22:04",0.99
CAROL,GARCIA,"2/14/2006 22:04",2.99
CAROL,GARCIA,"2/14/2006 22:04",4.99
CAROL,GARCIA,"2/14/2006 22:04",4.99
CAROL,GARCIA,"2/14/2006 22:04",4.99
CAROL,GARCIA,"2/14/2006 22:04",4.99
CAROL,GARCIA,"2/14/2006 22:04",1.99
CAROL,GARCIA,"2/14/2006 22:04",4.99
CAROL,GARCIA,"2/14/2006 22:04",4.99
CAROL,GARCIA,"2/14/2006 22:04",0.99
CAROL,GARCIA,"2/14/2006 22:04",0.99
RUTH,MARTINEZ,"2/14/2006 22:04",0.99
RUTH,MARTINEZ,"2/14/2006 22:04",9.99
RUTH,MARTINEZ,"2/14/2006 22:04",6.99
RUTH,MARTINEZ,"2/14/2006 22:04",2.99
LORI,WOOD,"2/14/2006 22:04",2.99
RACHEL,BARNES,"2/14/2006 22:04",2.99
MARILYN,ROSS,"2/14/2006 22:04",2.99
ANDREA,HENDERSON,"2/14/2006 22:04",2.99
KATHRYN,COLEMAN,"2/14/2006 22:04",2.99
LOUISE,JENKINS,"2/14/2006 22:04",4.99
SARA,PERRY,"2/14/2006 22:04",4.99
ANNE,POWELL,"2/14/2006 22:04",5.99
JACQUELINE,LONG,"2/14/2006 22:04",0.99
WANDA,PATTERSON,"2/14/2006 22:04",9.99
BONNIE,HUGHES,"2/14/2006 22:04",7.99
JULIA,FLORES,"2/14/2006 22:04",8.99
RUBY,WASHINGTON,"2/14/2006 22:04",5.99
LOIS,BUTLER,"2/14/2006 22:04",9.99
TINA,SIMMONS,"2/14/2006 22:04",2.99
PHYLLIS,FOSTER,"2/14/2006 22:04",8.99
NORMA,GONZALES,"2/14/2006 22:04",8.99
PAULA,BRYANT,"2/14/2006 22:04",4.99
DIANA,ALEXANDER,"2/14/2006 22:04",2.99
ANNIE,RUSSELL,"2/14/2006 22:04",0.99
LILLIAN,GRIFFIN,"2/14/2006 22:04",2.99
EMILY,DIAZ,"2/14/2006 22:04",6.99
ROBIN,HAYES,"2/14/2006 22:04",1.99
PEGGY,MYERS,"2/14/2006 22:04",0.99
CRYSTAL,FORD,"2/14/2006 22:04",3.99
GLADYS,HAMILTON,"2/14/2006 22:04",4.99
RITA,GRAHAM,"2/14/2006 22:04",4.99
DAWN,SULLIVAN,"2/14/2006 22:04",3.99
CONNIE,WALLACE,"2/14/2006 22:04",2.99
FLORENCE,WOODS,"2/14/2006 22:04",2.99
TRACY,COLE,"2/14/2006 22:04",2.99
EDNA,WEST,"2/14/2006 22:04",6.99
TIFFANY,JORDAN,"2/14/2006 22:04",4.99
CARMEN,OWENS,"2/14/2006 22:04",5.99
ROSA,REYNOLDS,"2/14/2006 22:04",2.99
CINDY,FISHER,"2/14/2006 22:04",4.99
GRACE,ELLIS,"2/14/2006 22:04",3.99
WENDY,HARRISON,"2/14/2006 22:04",4.99
VICTORIA,GIBSON,"2/14/2006 22:04",7.99
EDITH,MCDONALD,"2/14/2006 22:04",1.99
KIM,CRUZ,"2/14/2006 22:04",0.99
SHERRY,MARSHALL,"2/14/2006 22:04",0.99
SYLVIA,ORTIZ,"2/14/2006 22:04",4.99
VIRGIL,WOFFORD,"2/14/2006 22:04",4.99
ANDY,VANHORN,"2/14/2006 22:04",2.99
MARSHALL,THORN,"2/14/2006 22:04",2.99
SALVADOR,TEEL,"2/14/2006 22:04",6.99
PERRY,SWAFFORD,"2/14/2006 22:04",1.99
KIRK,STCLAIR,"2/14/2006 22:04",0.99
SERGIO,STANFIELD,"2/14/2006 22:04",2.99
MARION,OCAMPO,"2/14/2006 22:04",3.99
TRACY,HERRMANN,"2/14/2006 22:04",3.99
SETH,HANNON,"2/14/2006 22:04",0.99
KENT,ARSENAULT,"2/14/2006 22:04",7.99
TERRANCE,ROUSH,"2/14/2006 22:04",4.99
RENE,MCALISTER,"2/14/2006 22:04",2.99
MICHELLE,CLARK,"2/14/2006 22:04",4.99
MICHELLE,CLARK,"2/14/2006 22:04",10.99
MICHELLE,CLARK,"2/14/2006 22:04",4.99
MICHELLE,CLARK,"2/14/2006 22:04",3.99
MICHELLE,CLARK,"2/14/2006 22:04",2.99
MICHELLE,CLARK,"2/14/2006 22:04",1.99
MICHELLE,CLARK,"2/14/2006 22:04",0.99
MICHELLE,CLARK,"2/14/2006 22:04",6.99
NELSON,CHRISTENSON,"2/14/2006 22:04",2.99
GUY,BROWNLEE,"2/14/2006 22:04",0.99
CLAYTON,BARBEE,"2/14/2006 22:04",5.99
HUGH,WALDROP,"2/14/2006 22:04",4.99
MAX,PITT,"2/14/2006 22:04",0.99
DWAYNE,OLVERA,"2/14/2006 22:04",0.99
DWIGHT,LOMBARDI,"2/14/2006 22:04",0.99
ARMANDO,GRUBER,"2/14/2006 22:04",2.99
FELIX,GAFFNEY,"2/14/2006 22:04",4.99
JIMMIE,EGGLESTON,"2/14/2006 22:04",6.99
EVERETT,BANDA,"2/14/2006 22:04",2.99
JORDAN,ARCHULETA,"2/14/2006 22:04",4.99
IAN,STILL,"2/14/2006 22:04",4.99
WALLACE,SLONE,"2/14/2006 22:04",8.99
KEN,PREWITT,"2/14/2006 22:04",9.99
BOB,PFEIFFER,"2/14/2006 22:04",4.99
JAIME,NETTLES,"2/14/2006 22:04",8.99
CASEY,MENA,"2/14/2006 22:04",2.99
ALFREDO,MCADAMS,"2/14/2006 22:04",2.99
ALBERTO,HENNING,"2/14/2006 22:04",4.99
DAVE,GARDINER,"2/14/2006 22:04",2.99
IVAN,CROMWELL,"2/14/2006 22:04",4.99
JOHNNIE,CHISHOLM,"2/14/2006 22:04",4.99
SIDNEY,BURLESON,"2/14/2006 22:04",8.99
BYRON,BOX,"2/14/2006 22:04",2.99
LAURA,RODRIGUEZ,"2/14/2006 22:04",2.99
LAURA,RODRIGUEZ,"2/14/2006 22:04",6.99
LAURA,RODRIGUEZ,"2/14/2006 22:04",2.99
LAURA,RODRIGUEZ,"2/14/2006 22:04",4.99
LAURA,RODRIGUEZ,"2/14/2006 22:04",7.99
LAURA,RODRIGUEZ,"2/14/2006 22:04",0.99
LAURA,RODRIGUEZ,"2/14/2006 22:04",4.99
LAURA,RODRIGUEZ,"2/14/2006 22:04",5.99
LAURA,RODRIGUEZ,"2/14/2006 22:04",2.99
LAURA,RODRIGUEZ,"2/14/2006 22:04",0.99
LAURA,RODRIGUEZ,"2/14/2006 22:04",9.99
LAURA,RODRIGUEZ,"2/14/2006 22:04",2.99
LAURA,RODRIGUEZ,"2/14/2006 22:04",6.99
LAURA,RODRIGUEZ,"2/14/2006 22:04",7.99
LAURA,RODRIGUEZ,"2/14/2006 22:04",6.99
LAURA,RODRIGUEZ,"2/14/2006 22:04",4.99
LAURA,RODRIGUEZ,"2/14/2006 22:04",4.99
LAURA,RODRIGUEZ,"2/14/2006 22:04",4.99
SARAH,LEWIS,"2/14/2006 22:04",8.99
SARAH,LEWIS,"2/14/2006 22:04",2.99
SARAH,LEWIS,"2/14/2006 22:04",0.99
SARAH,LEWIS,"2/14/2006 22:04",1.99
SARAH,LEWIS,"2/14/2006 22:04",0.99
SARAH,LEWIS,"2/14/2006 22:04",5.99
SARAH,LEWIS,"2/14/2006 22:04",4.99
LEROY,BUSTAMANTE,"2/14/2006 22:04",2.99
FRANCISCO,SKIDMORE,"2/14/2006 22:04",3.99
MARCUS,HIDALGO,"2/14/2006 22:04",2.99
MICHEAL,FORMAN,"2/14/2006 22:04",2.99
THEODORE,CULP,"2/14/2006 22:04",2.99
CLIFFORD,BOWENS,"2/14/2006 22:04",2.99
MIGUEL,BETANCOURT,"2/14/2006 22:04",5.99
OSCAR,AQUINO,"2/14/2006 22:04",7.99
JAY,ROBB,"2/14/2006 22:04",2.99
JIM,REA,"2/14/2006 22:04",0.99
TOM,MILNER,"2/14/2006 22:04",5.99
CALVIN,MARTEL,"2/14/2006 22:04",9.99
ALEX,GRESHAM,"2/14/2006 22:04",3.99
JON,WILES,"2/14/2006 22:04",6.99
RONNIE,RICKETTS,"2/14/2006 22:04",2.99
BILL,GAVIN,"2/14/2006 22:04",2.99
LLOYD,DOWD,"2/14/2006 22:04",2.99
TOMMY,COLLAZO,"2/14/2006 22:04",4.99
LEON,BOSTIC,"2/14/2006 22:04",6.99
DEREK,BLAKELY,"2/14/2006 22:04",0.99
WARREN,SHERROD,"2/14/2006 22:04",0.99
DARRELL,POWER,"2/14/2006 22:04",2.99
SARAH,LEWIS,"2/14/2006 22:04",2.99
KIMBERLY,LEE,"2/14/2006 22:04",6.99
KIMBERLY,LEE,"2/14/2006 22:04",2.99
KIMBERLY,LEE,"2/14/2006 22:04",2.99
KIMBERLY,LEE,"2/14/2006 22:04",2.99
KIMBERLY,LEE,"2/14/2006 22:04",4.99
KIMBERLY,LEE,"2/14/2006 22:04",5.99
KIMBERLY,LEE,"2/14/2006 22:04",7.99
KIMBERLY,LEE,"2/14/2006 22:04",7.99
KIMBERLY,LEE,"2/14/2006 22:04",2.99
KIMBERLY,LEE,"2/14/2006 22:04",0.99
KIMBERLY,LEE,"2/14/2006 22:04",0.99
KIMBERLY,LEE,"2/14/2006 22:04",4.99
KIMBERLY,LEE,"2/14/2006 22:04",1.99
KIMBERLY,LEE,"2/14/2006 22:04",4.99
KIMBERLY,LEE,"2/14/2006 22:04",0.99
KIMBERLY,LEE,"2/14/2006 22:04",0.99
KIMBERLY,LEE,"2/14/2006 22:04",2.99
KIMBERLY,LEE,"2/14/2006 22:04",2.99
KIMBERLY,LEE,"2/14/2006 22:04",2.99
KIMBERLY,LEE,"2/14/2006 22:04",8.99
KIMBERLY,LEE,"2/14/2006 22:04",2.99
KIMBERLY,LEE,"2/14/2006 22:04",1.99
KIMBERLY,LEE,"2/14/2006 22:04",4.99
KIMBERLY,LEE,"2/14/2006 22:04",0.99
KIMBERLY,LEE,"2/14/2006 22:04",4.99
DEBORAH,WALKER,"2/14/2006 22:04",7.99
DEBORAH,WALKER,"2/14/2006 22:04",2.99
DEBORAH,WALKER,"2/14/2006 22:04",4.99
DEBORAH,WALKER,"2/14/2006 22:04",2.99
DEBORAH,WALKER,"2/14/2006 22:04",6.99
DEBORAH,WALKER,"2/14/2006 22:04",8.99
DEBORAH,WALKER,"2/14/2006 22:04",4.99
DEBORAH,WALKER,"2/14/2006 22:04",4.99
DEBORAH,WALKER,"2/14/2006 22:04",2.99
DEBORAH,WALKER,"2/14/2006 22:04",0.99
DEBORAH,WALKER,"2/14/2006 22:04",2.99
DEBORAH,WALKER,"2/14/2006 22:04",2.99
DEBORAH,WALKER,"2/14/2006 22:04",4.99
DEBORAH,WALKER,"2/14/2006 22:04",2.99
DEBORAH,WALKER,"2/14/2006 22:04",2.99
DEBORAH,WALKER,"2/14/2006 22:04",0.99
DEBORAH,WALKER,"2/14/2006 22:04",8.99
DEBORAH,WALKER,"2/14/2006 22:04",2.99
DEBORAH,WALKER,"2/14/2006 22:04",2.99
DEBORAH,WALKER,"2/14/2006 22:04",2.99
DEBORAH,WALKER,"2/14/2006 22:04",5.99
DEBORAH,WALKER,"2/14/2006 22:04",2.99
DEBORAH,WALKER,"2/14/2006 22:04",2.99
DEBORAH,WALKER,"2/14/2006 22:04",0.99
DEBORAH,WALKER,"2/14/2006 22:04",0.99
DEBORAH,WALKER,"2/14/2006 22:04",4.99
DEBORAH,WALKER,"2/14/2006 22:04",4.99
DEBORAH,WALKER,"2/14/2006 22:04",0.99
DEBORAH,WALKER,"2/14/2006 22:04",5.99
JESSICA,HALL,"2/14/2006 22:04",2.99
JESSICA,HALL,"2/14/2006 22:04",2.99
JESSICA,HALL,"2/14/2006 22:04",5.99
JESSICA,HALL,"2/14/2006 22:04",4.99
JESSICA,HALL,"2/14/2006 22:04",9.99
JESSICA,HALL,"2/14/2006 22:04",3.99
JESSICA,HALL,"2/14/2006 22:04",6.99
JESSICA,HALL,"2/14/2006 22:04",4.99
JESSICA,HALL,"2/14/2006 22:04",4.99
JESSICA,HALL,"2/14/2006 22:04",2.99
JESSICA,HALL,"2/14/2006 22:04",4.99
JESSICA,HALL,"2/14/2006 22:04",4.99
JESSICA,HALL,"2/14/2006 22:04",0.99
JESSICA,HALL,"2/14/2006 22:04",6.99
JESSICA,HALL,"2/14/2006 22:04",3.99
JESSICA,HALL,"2/14/2006 22:04",6.99
JESSICA,HALL,"2/14/2006 22:04",2.99
JESSICA,HALL,"2/14/2006 22:04",1.99
JESSICA,HALL,"2/14/2006 22:04",2.99
JESSICA,HALL,"2/14/2006 22:04",0.99
JESSICA,HALL,"2/14/2006 22:04",4.99
JESSICA,HALL,"2/14/2006 22:04",0.99
JESSICA,HALL,"2/14/2006 22:04",3.99
JESSICA,HALL,"2/14/2006 22:04",3.99
JESSICA,HALL,"2/14/2006 22:04",2.99
JESSICA,HALL,"2/14/2006 22:04",0.99
JESSICA,HALL,"2/14/2006 22:04",5.99
JESSICA,HALL,"2/14/2006 22:04",4.99
JESSICA,HALL,"2/14/2006 22:04",4.99
JESSICA,HALL,"2/14/2006 22:04",8.99
JESSICA,HALL,"2/14/2006 22:04",1.99
LORI,WOOD,"2/14/2006 22:04",7.99
RACHEL,BARNES,"2/14/2006 22:04",2.99
MARILYN,ROSS,"2/14/2006 22:04",7.99
ANDREA,HENDERSON,"2/14/2006 22:04",2.99
KATHRYN,COLEMAN,"2/14/2006 22:04",4.99
LOUISE,JENKINS,"2/14/2006 22:04",4.99
SARA,PERRY,"2/14/2006 22:04",2.99
ANNE,POWELL,"2/14/2006 22:04",3.99
JACQUELINE,LONG,"2/14/2006 22:04",2.99
WANDA,PATTERSON,"2/14/2006 22:04",4.99
BONNIE,HUGHES,"2/14/2006 22:04",1.99
JULIA,FLORES,"2/14/2006 22:04",3.99
RUBY,WASHINGTON,"2/14/2006 22:04",0.99
LOIS,BUTLER,"2/14/2006 22:04",5.99
TINA,SIMMONS,"2/14/2006 22:04",0.99
PHYLLIS,FOSTER,"2/14/2006 22:04",4.99
NORMA,GONZALES,"2/14/2006 22:04",0.99
PAULA,BRYANT,"2/14/2006 22:04",5.99
DIANA,ALEXANDER,"2/14/2006 22:04",4.99
ANNIE,RUSSELL,"2/14/2006 22:04",1.99
LILLIAN,GRIFFIN,"2/14/2006 22:04",0.99
EMILY,DIAZ,"2/14/2006 22:04",5.99
ROBIN,HAYES,"2/14/2006 22:04",7.99
PEGGY,MYERS,"2/14/2006 22:04",4.99
CRYSTAL,FORD,"2/14/2006 22:04",7.99
GLADYS,HAMILTON,"2/14/2006 22:04",4.99
RITA,GRAHAM,"2/14/2006 22:04",0.99
DAWN,SULLIVAN,"2/14/2006 22:04",8.99
CONNIE,WALLACE,"2/14/2006 22:04",6.99
FLORENCE,WOODS,"2/14/2006 22:04",5.99
TRACY,COLE,"2/14/2006 22:04",0.99
EDNA,WEST,"2/14/2006 22:04",2.99
TIFFANY,JORDAN,"2/14/2006 22:04",4.99
CARMEN,OWENS,"2/14/2006 22:04",0.99
ROSA,REYNOLDS,"2/14/2006 22:04",2.99
CINDY,FISHER,"2/14/2006 22:04",2.99
GRACE,ELLIS,"2/14/2006 22:04",2.99
WENDY,HARRISON,"2/14/2006 22:04",4.99
VICTORIA,GIBSON,"2/14/2006 22:04",3.99
EDITH,MCDONALD,"2/14/2006 22:04",0.99
KIM,CRUZ,"2/14/2006 22:04",0.99
SHERRY,MARSHALL,"2/14/2006 22:04",0.99
SYLVIA,ORTIZ,"2/14/2006 22:04",0.99
CYNTHIA,YOUNG,"2/14/2006 22:04",4.99
CYNTHIA,YOUNG,"2/14/2006 22:04",2.99
CYNTHIA,YOUNG,"2/14/2006 22:04",5.99
CYNTHIA,YOUNG,"2/14/2006 22:04",0.99
CYNTHIA,YOUNG,"2/14/2006 22:04",0.99
CYNTHIA,YOUNG,"2/14/2006 22:04",9.99
CYNTHIA,YOUNG,"2/14/2006 22:04",4.99
CYNTHIA,YOUNG,"2/14/2006 22:04",2.99
CYNTHIA,YOUNG,"2/14/2006 22:04",2.99
CYNTHIA,YOUNG,"2/14/2006 22:04",4.99
CYNTHIA,YOUNG,"2/14/2006 22:04",4.99
CYNTHIA,YOUNG,"2/14/2006 22:04",2.99
CYNTHIA,YOUNG,"2/14/2006 22:04",6.99
CYNTHIA,YOUNG,"2/14/2006 22:04",2.99
CYNTHIA,YOUNG,"2/14/2006 22:04",3.99
CYNTHIA,YOUNG,"2/14/2006 22:04",2.99
CYNTHIA,YOUNG,"2/14/2006 22:04",0.99
CYNTHIA,YOUNG,"2/14/2006 22:04",2.99
CYNTHIA,YOUNG,"2/14/2006 22:04",4.99
CYNTHIA,YOUNG,"2/14/2006 22:04",2.99
CYNTHIA,YOUNG,"2/14/2006 22:04",4.99
CYNTHIA,YOUNG,"2/14/2006 22:04",2.99
CYNTHIA,YOUNG,"2/14/2006 22:04",2.99
ANGELA,HERNANDEZ,"2/14/2006 22:04",1.99
ANGELA,HERNANDEZ,"2/14/2006 22:04",0.99
ANGELA,HERNANDEZ,"2/14/2006 22:04",0.99
ANGELA,HERNANDEZ,"2/14/2006 22:04",7.99
ANGELA,HERNANDEZ,"2/14/2006 22:04",2.99
ANGELA,HERNANDEZ,"2/14/2006 22:04",2.99
ANGELA,HERNANDEZ,"2/14/2006 22:04",2.99
ANGELA,HERNANDEZ,"2/14/2006 22:04",2.99
ANGELA,HERNANDEZ,"2/14/2006 22:04",6.99
ANGELA,HERNANDEZ,"2/14/2006 22:04",0.99
ANGELA,HERNANDEZ,"2/14/2006 22:04",0.99
ANGELA,HERNANDEZ,"2/14/2006 22:04",10.99
ANGELA,HERNANDEZ,"2/14/2006 22:04",1.99
ANGELA,HERNANDEZ,"2/14/2006 22:04",3.99
ANGELA,HERNANDEZ,"2/14/2006 22:04",6.99
ANGELA,HERNANDEZ,"2/14/2006 22:04",0.99
ANGELA,HERNANDEZ,"2/14/2006 22:04",2.99
ANGELA,HERNANDEZ,"2/14/2006 22:04",4.99
ANGELA,HERNANDEZ,"2/14/2006 22:04",4.99
ANGELA,HERNANDEZ,"2/14/2006 22:04",5.99
ANGELA,HERNANDEZ,"2/14/2006 22:04",1.99
ANGELA,HERNANDEZ,"2/14/2006 22:04",4.99
ANGELA,HERNANDEZ,"2/14/2006 22:04",2.99
ANGELA,HERNANDEZ,"2/14/2006 22:04",4.99
ANGELA,HERNANDEZ,"2/14/2006 22:04",2.99
ANGELA,HERNANDEZ,"2/14/2006 22:04",6.99
ANGELA,HERNANDEZ,"2/14/2006 22:04",6.99
ANGELA,HERNANDEZ,"2/14/2006 22:04",2.99
ANGELA,HERNANDEZ,"2/14/2006 22:04",0.99
ANGELA,HERNANDEZ,"2/14/2006 22:04",2.99
ANGELA,HERNANDEZ,"2/14/2006 22:04",3.99
ANGELA,HERNANDEZ,"2/14/2006 22:04",0.99
ANGELA,HERNANDEZ,"2/14/2006 22:04",4.99
ANGELA,HERNANDEZ,"2/14/2006 22:04",7.99
ANGELA,HERNANDEZ,"2/14/2006 22:04",5.99
ANGELA,HERNANDEZ,"2/14/2006 22:04",0.99
MELISSA,KING,"2/14/2006 22:04",1.99
MELISSA,KING,"2/14/2006 22:04",2.99
MELISSA,KING,"2/14/2006 22:04",4.99
MELISSA,KING,"2/14/2006 22:04",2.99
MELISSA,KING,"2/14/2006 22:04",4.99
MELISSA,KING,"2/14/2006 22:04",2.99
MELISSA,KING,"2/14/2006 22:04",2.99
MELISSA,KING,"2/14/2006 22:04",5.99
MELISSA,KING,"2/14/2006 22:04",9.99
MELISSA,KING,"2/14/2006 22:04",0.99
MELISSA,KING,"2/14/2006 22:04",7.99
MELISSA,KING,"2/14/2006 22:04",0.99
MELISSA,KING,"2/14/2006 22:04",2.99
MELISSA,KING,"2/14/2006 22:04",2.99
MELISSA,KING,"2/14/2006 22:04",4.99
MELISSA,KING,"2/14/2006 22:04",4.99
MELISSA,KING,"2/14/2006 22:04",4.99
MELISSA,KING,"2/14/2006 22:04",4.99
MELISSA,KING,"2/14/2006 22:04",2.99
MELISSA,KING,"2/14/2006 22:04",2.99
MELISSA,KING,"2/14/2006 22:04",0.99
MELISSA,KING,"2/14/2006 22:04",0.99
MELISSA,KING,"2/14/2006 22:04",2.99
MELISSA,KING,"2/14/2006 22:04",6.99
MELISSA,KING,"2/14/2006 22:04",2.99
MELISSA,KING,"2/14/2006 22:04",2.99
MELISSA,KING,"2/14/2006 22:04",0.99
MELISSA,KING,"2/14/2006 22:04",0.99
MELISSA,KING,"2/14/2006 22:04",4.99
MELISSA,KING,"2/14/2006 22:04",0.99
MELISSA,KING,"2/14/2006 22:04",2.99
MELISSA,KING,"2/14/2006 22:04",4.99
MELISSA,KING,"2/14/2006 22:04",4.99
MELISSA,KING,"2/14/2006 22:04",2.99
BRENDA,WRIGHT,"2/14/2006 22:04",4.99
BRENDA,WRIGHT,"2/14/2006 22:04",1.99
BRENDA,WRIGHT,"2/14/2006 22:04",0.99
BRENDA,WRIGHT,"2/14/2006 22:04",6.99
BRENDA,WRIGHT,"2/14/2006 22:04",7.99
BRENDA,WRIGHT,"2/14/2006 22:04",0.99
BRENDA,WRIGHT,"2/14/2006 22:04",0.99
BRENDA,WRIGHT,"2/14/2006 22:04",4.99
BRENDA,WRIGHT,"2/14/2006 22:04",2.99
BRENDA,WRIGHT,"2/14/2006 22:04",1.99
BRENDA,WRIGHT,"2/14/2006 22:04",0.99
BRENDA,WRIGHT,"2/14/2006 22:04",4.99
BRENDA,WRIGHT,"2/14/2006 22:04",4.99
BRENDA,WRIGHT,"2/14/2006 22:04",6.99
BRENDA,WRIGHT,"2/14/2006 22:04",9.99
BRENDA,WRIGHT,"2/14/2006 22:04",3.99
BRENDA,WRIGHT,"2/14/2006 22:04",4.99
BRENDA,WRIGHT,"2/14/2006 22:04",1.99
BRENDA,WRIGHT,"2/14/2006 22:04",3.99
BRENDA,WRIGHT,"2/14/2006 22:04",2.99
BRENDA,WRIGHT,"2/14/2006 22:04",2.99
BRENDA,WRIGHT,"2/14/2006 22:04",0.99
BRENDA,WRIGHT,"2/14/2006 22:04",4.99
BRENDA,WRIGHT,"2/14/2006 22:04",0.99
BRENDA,WRIGHT,"2/14/2006 22:04",6.99
BRENDA,WRIGHT,"2/14/2006 22:04",6.99
AMY,LOPEZ,"2/14/2006 22:04",4.99
AMY,LOPEZ,"2/14/2006 22:04",4.99
AMY,LOPEZ,"2/14/2006 22:04",4.99
AMY,LOPEZ,"2/14/2006 22:04",6.99
AMY,LOPEZ,"2/14/2006 22:04",0.99
AMY,LOPEZ,"2/14/2006 22:04",5.99
AMY,LOPEZ,"2/14/2006 22:04",1.99
AMY,LOPEZ,"2/14/2006 22:04",2.99
AMY,LOPEZ,"2/14/2006 22:04",2.99
AMY,LOPEZ,"2/14/2006 22:04",2.99
AMY,LOPEZ,"2/14/2006 22:04",0.99
AMY,LOPEZ,"2/14/2006 22:04",9.99
AMY,LOPEZ,"2/14/2006 22:04",0.99
AMY,LOPEZ,"2/14/2006 22:04",2.99
AMY,LOPEZ,"2/14/2006 22:04",3.99
AMY,LOPEZ,"2/14/2006 22:04",2.99
AMY,LOPEZ,"2/14/2006 22:04",6.99
AMY,LOPEZ,"2/14/2006 22:04",5.99
AMY,LOPEZ,"2/14/2006 22:04",2.99
AMY,LOPEZ,"2/14/2006 22:04",5.99
AMY,LOPEZ,"2/14/2006 22:04",2.99
AMY,LOPEZ,"2/14/2006 22:04",2.99
AMY,LOPEZ,"2/14/2006 22:04",4.99
AMY,LOPEZ,"2/14/2006 22:04",4.99
AMY,LOPEZ,"2/14/2006 22:04",9.99
AMY,LOPEZ,"2/14/2006 22:04",8.99
AMY,LOPEZ,"2/14/2006 22:04",1.99
AMY,LOPEZ,"2/14/2006 22:04",0.99
AMY,LOPEZ,"2/14/2006 22:04",5.99
LORI,WOOD,"2/14/2006 22:04",2.99
RACHEL,BARNES,"2/14/2006 22:04",10.99
MARILYN,ROSS,"2/14/2006 22:04",8.99
ANDREA,HENDERSON,"2/14/2006 22:04",5.99
KATHRYN,COLEMAN,"2/14/2006 22:04",0.99
LOUISE,JENKINS,"2/14/2006 22:04",4.99
SARA,PERRY,"2/14/2006 22:04",0.99
ANNE,POWELL,"2/14/2006 22:04",4.99
JACQUELINE,LONG,"2/14/2006 22:04",4.99
WANDA,PATTERSON,"2/14/2006 22:04",4.99
BONNIE,HUGHES,"2/14/2006 22:04",1.99
JULIA,FLORES,"2/14/2006 22:04",2.99
RUBY,WASHINGTON,"2/14/2006 22:04",4.99
LOIS,BUTLER,"2/14/2006 22:04",7.99
TINA,SIMMONS,"2/14/2006 22:04",2.99
PHYLLIS,FOSTER,"2/14/2006 22:04",7.99
NORMA,GONZALES,"2/14/2006 22:04",0.99
PAULA,BRYANT,"2/14/2006 22:04",0.99
DIANA,ALEXANDER,"2/14/2006 22:04",5.99
ANNIE,RUSSELL,"2/14/2006 22:04",2.99
LILLIAN,GRIFFIN,"2/14/2006 22:04",0.99
EMILY,DIAZ,"2/14/2006 22:04",4.99
ROBIN,HAYES,"2/14/2006 22:04",5.99
PEGGY,MYERS,"2/14/2006 22:04",0.99
CRYSTAL,FORD,"2/14/2006 22:04",3.99
GLADYS,HAMILTON,"2/14/2006 22:04",2.99
RITA,GRAHAM,"2/14/2006 22:04",4.99
DAWN,SULLIVAN,"2/14/2006 22:04",4.99
CONNIE,WALLACE,"2/14/2006 22:04",5.99
FLORENCE,WOODS,"2/14/2006 22:04",2.99
TRACY,COLE,"2/14/2006 22:04",2.99
EDNA,WEST,"2/14/2006 22:04",0.99
TIFFANY,JORDAN,"2/14/2006 22:04",3.99
CARMEN,OWENS,"2/14/2006 22:04",0.99
ROSA,REYNOLDS,"2/14/2006 22:04",4.99
CINDY,FISHER,"2/14/2006 22:04",0.99
GRACE,ELLIS,"2/14/2006 22:04",2.99
WENDY,HARRISON,"2/14/2006 22:04",4.99
VICTORIA,GIBSON,"2/14/2006 22:04",2.99
EDITH,MCDONALD,"2/14/2006 22:04",2.99
KIM,CRUZ,"2/14/2006 22:04",0.99
SHERRY,MARSHALL,"2/14/2006 22:04",4.99
SYLVIA,ORTIZ,"2/14/2006 22:04",2.99
REBECCA,SCOTT,"2/14/2006 22:04",5.99
REBECCA,SCOTT,"2/14/2006 22:04",7.99
VIRGINIA,GREEN,"2/14/2006 22:04",3.99
VIRGINIA,GREEN,"2/14/2006 22:04",6.99
VIRGINIA,GREEN,"2/14/2006 22:04",0.99
VIRGINIA,GREEN,"2/14/2006 22:04",2.99
VIRGINIA,GREEN,"2/14/2006 22:04",4.99
VIRGINIA,GREEN,"2/14/2006 22:04",0.99
VIRGINIA,GREEN,"2/14/2006 22:04",2.99
VIRGINIA,GREEN,"2/14/2006 22:04",4.99
VIRGINIA,GREEN,"2/14/2006 22:04",2.99
VIRGINIA,GREEN,"2/14/2006 22:04",4.99
VIRGINIA,GREEN,"2/14/2006 22:04",0.99
VIRGINIA,GREEN,"2/14/2006 22:04",2.99
VIRGINIA,GREEN,"2/14/2006 22:04",0.99
VIRGINIA,GREEN,"2/14/2006 22:04",5.99
VIRGINIA,GREEN,"2/14/2006 22:04",0.99
VIRGINIA,GREEN,"2/14/2006 22:04",5.99
VIRGINIA,GREEN,"2/14/2006 22:04",4.99
VIRGINIA,GREEN,"2/14/2006 22:04",4.99
VIRGINIA,GREEN,"2/14/2006 22:04",4.99
VIRGINIA,GREEN,"2/14/2006 22:04",4.99
VIRGINIA,GREEN,"2/14/2006 22:04",6.99
VIRGINIA,GREEN,"2/14/2006 22:04",5.99
VIRGINIA,GREEN,"2/14/2006 22:04",2.99
VIRGINIA,GREEN,"2/14/2006 22:04",6.99
VIRGINIA,GREEN,"2/14/2006 22:04",1.99
VIRGINIA,GREEN,"2/14/2006 22:04",7.99
VIRGINIA,GREEN,"2/14/2006 22:04",4.99
VIRGINIA,GREEN,"2/14/2006 22:04",4.99
VIRGINIA,GREEN,"2/14/2006 22:04",2.99
VIRGINIA,GREEN,"2/14/2006 22:04",0.99
VIRGINIA,GREEN,"2/14/2006 22:04",2.99
VIRGINIA,GREEN,"2/14/2006 22:04",4.99
KATHLEEN,ADAMS,"2/14/2006 22:04",0.99
KATHLEEN,ADAMS,"2/14/2006 22:04",0.99
KATHLEEN,ADAMS,"2/14/2006 22:04",0.99
KATHLEEN,ADAMS,"2/14/2006 22:04",0.99
KATHLEEN,ADAMS,"2/14/2006 22:04",4.99
KATHLEEN,ADAMS,"2/14/2006 22:04",4.99
KATHLEEN,ADAMS,"2/14/2006 22:04",0.99
KATHLEEN,ADAMS,"2/14/2006 22:04",0.99
KATHLEEN,ADAMS,"2/14/2006 22:04",6.99
KATHLEEN,ADAMS,"2/14/2006 22:04",0.99
KATHLEEN,ADAMS,"2/14/2006 22:04",6.99
KATHLEEN,ADAMS,"2/14/2006 22:04",0.99
KATHLEEN,ADAMS,"2/14/2006 22:04",2.99
KATHLEEN,ADAMS,"2/14/2006 22:04",4.99
KATHLEEN,ADAMS,"2/14/2006 22:04",2.99
KATHLEEN,ADAMS,"2/14/2006 22:04",0.99
KATHLEEN,ADAMS,"2/14/2006 22:04",2.99
